Garaje Brandzen,"Cnel Brandzen 2086 | Montevideo, Montevideo",,,,http://amerpages.com/spa/uruguay/items/search/page:1/category:1121/city:1030100026
Autoparte,"Cuareim 2318 | Montevideo, Montevideo",,,,http://amerpages.com/spa/uruguay/items/search/page:1/category:1121/city:1030100026
Lindetex Sa,"Treinta Y Tres 1377 | Montevideo, Montevideo",,,,http://amerpages.com/spa/uruguay/items/search/page:1/category:1121/city:1030100026
Lee Srl,"Ciudadela 1268 | Montevideo, Montevideo",,,,http://amerpages.com/spa/uruguay/items/search/page:1/category:1121/city:1030100026
Conomar Sa,"P F Berro 1082 | Montevideo, Montevideo",,,,http://amerpages.com/spa/uruguay/items/search/page:1/category:1121/city:1030100026
Conquista Sa,"Rincon 447 | Montevideo, Montevideo",,,,http://amerpages.com/spa/uruguay/items/search/page:1/category:1121/city:1030100026
Dervine Sa,"Alzalbar 1278 | Montevideo, Montevideo",,,,http://amerpages.com/spa/uruguay/items/search/page:1/category:1121/city:1030100026
Lapye Ltda,"Ejido 1234 | Montevideo, Montevideo",,,,http://amerpages.com/spa/uruguay/items/search/page:1/category:1121/city:1030100026
Aloitan Srl,"A Monterroso De L 2175 | Montevideo, Montevideo",,,,http://amerpages.com/spa/uruguay/items/search/page:1/category:1121/city:1030100026
Garage 104,"J E Rodo1677 | Montevideo, Montevideo",,,,http://amerpages.com/spa/uruguay/items/search/page:1/category:1121/city:1030100026
Ambassador Parkin,"J Herrera Y O 1325 | Montevideo, Montevideo",,,,http://amerpages.com/spa/uruguay/items/search/page:1/category:1121/city:1030100026
Autohouse Parkin,"Av 8 De Octubre 3345 | Montevideo, Montevideo",,,,http://amerpages.com/spa/uruguay/items/search/page:1/category:1121/city:1030100026
Adraner Sa,"Av Agraciada 2748 | Montevideo, Montevideo",,,,http://amerpages.com/spa/uruguay/items/search/page:1/category:1121/city:1030100026
Del Puero Consenza Alejandro,"Paysandu 1062 | Montevideo, Montevideo",,,,http://amerpages.com/spa/uruguay/items/search/page:1/category:1121/city:1030100026
Juan A Capozzolo Srl,"Yi 1472 | Montevideo, Montevideo",,,,http://amerpages.com/spa/uruguay/items/search/page:2/category:1121/city:1030100026
Autoparque,"Cuareim 2318 | Montevideo, Montevideo",,,,http://amerpages.com/spa/uruguay/items/search/page:2/category:1121/city:1030100026
Mareal Sa,"Colonia 1082 | Montevideo, Montevideo",,,,http://amerpages.com/spa/uruguay/items/search/page:2/category:1121/city:1030100026
Parking 21,"Antu√±a 2608 | Montevideo, Montevideo",,,,http://amerpages.com/spa/uruguay/items/search/page:2/category:1121/city:1030100026
Margus Ltda,"Colonia 1175 | Montevideo, Montevideo",,,,http://amerpages.com/spa/uruguay/items/search/page:2/category:1121/city:1030100026
Parking Leon,"Plamar 2170 | Montevideo, Montevideo",,,,http://amerpages.com/spa/uruguay/items/search/page:2/category:1121/city:1030100026
Parking Libertad,"Paraguay 1316 | Montevideo, Montevideo",,,,http://amerpages.com/spa/uruguay/items/search/page:2/category:1121/city:1030100026
Parking Palacio Salvo,"Andes 1329 | Montevideo, Montevideo",,,,http://amerpages.com/spa/uruguay/items/search/page:2/category:1121/city:1030100026
Parking Paraguaya,"Paraguay 1277 | Montevideo, Montevideo",,,,http://amerpages.com/spa/uruguay/items/search/page:2/category:1121/city:1030100026
Parking Quijano,"C Quijano 1276 | Montevideo, Montevideo",,,,http://amerpages.com/spa/uruguay/items/search/page:2/category:1121/city:1030100026
Parking Rio Branco,"W Ferreira A 1290 | Montevideo, Montevideo",,,,http://amerpages.com/spa/uruguay/items/search/page:2/category:1121/city:1030100026
Parking Rodo,"Je Rodo 2175 | Montevideo, Montevideo",,,,http://amerpages.com/spa/uruguay/items/search/page:2/category:1121/city:1030100026
Parking San Jose,"San Jose 1224 | Montevideo, Montevideo",,,,http://amerpages.com/spa/uruguay/items/search/page:2/category:1121/city:1030100026
Perez Lacoste Mari,"Av Uruguay 991 | Montevideo, Montevideo",,,,http://amerpages.com/spa/uruguay/items/search/page:2/category:1121/city:1030100026
Malaga,"Av Italia 2364 | Montevideo, Montevideo",,,,http://amerpages.com/spa/uruguay/items/search/page:3/category:1121/city:1030100026
Puerto De Palos,"25 De Mayo 278 | Montevideo, Montevideo",,,,http://amerpages.com/spa/uruguay/items/search/page:3/category:1121/city:1030100026
Estacionamiento 33,"Treinta Y Tres 1535 | Montevideo, Montevideo",,,,http://amerpages.com/spa/uruguay/items/search/page:3/category:1121/city:1030100026
Estacionamiento Solis Srl,"Solis 1571 | Montevideo, Montevideo",,,,http://amerpages.com/spa/uruguay/items/search/page:3/category:1121/city:1030100026
Gutierrez Spangenberg Alvaro,"Dr F Simon 2374 | Montevideo, Montevideo",,,,http://amerpages.com/spa/uruguay/items/search/page:3/category:1121/city:1030100026
Columbia Park Srl,"C Quijano 1230 | Montevideo, Montevideo",,,,http://amerpages.com/spa/uruguay/items/search/page:3/category:1121/city:1030100026
